method,c5_p5,with_gn,nms_thr,ap,ap50,ap75,aps,apm,apl,ar1,ar10,ar100
RetinaNet,C5,false,0.50,35.9,56.0,38.2,20.0,39.8,47.4,31.0,49.4,52.5
FCOS,C5,false,0.50,36.3,54.8,38.7,20.5,39.8,47.8,31.5,50.6,53.5
FCOS,P5,false,0.50,36.4,54.9,38.8,19.7,39.7,48.8,31.4,50.6,53.4
FCOS,P5,false,0.60,36.5,54.5,39.2,19.8,40.0,48.9,31.3,51.2,54.5
FCOS,P5,true,0.60,37.1,55.9,39.8,21.3,41.0,47.8,31.4,51.4,54.9
+ ctr. on reg.,P5,true,0.60,37.4,56.1,40.3,21.8,41.2,48.8,31.5,51.7,55.2
+ ctr. sampling,P5,true,0.60,38.1,56.7,41.4,22.6,41.6,50.4,32.1,52.8,56.3
+ GIoU,P5,true,0.60,38.3,57.1,41.0,21.9,42.4,49.5,32.0,52.9,56.5
+ Normalization,P5,true,0.60,38.6,57.4,41.4,22.3,42.5,49.8,32.3,53.4,57.1
